id,email,created_at,country,tier
user_0001,mason.johnson760@example.com,2025-10-12T11:55:16.498952+00:00,US,standard
user_0002,diego.garcia605@example.com,2025-05-14T17:55:16.498952+00:00,US,free
user_0003,omar.o'brien28@example.com,2024-12-23T12:55:16.498952+00:00,FR,standard
user_0004,carlos.anderson460@example.com,2024-11-24T10:55:16.498952+00:00,AU,free
user_0005,mia.muller349@example.com,2025-10-09T14:55:16.498952+00:00,US,premium
user_0006,sophia.garcia390@example.com,2026-04-12T07:55:16.498952+00:00,MX,standard
user_0007,olivia.santos550@example.com,2026-03-15T06:55:16.498952+00:00,US,free
user_0008,ben.nguyen592@example.com,2026-01-04T20:55:16.498952+00:00,US,standard
user_0009,james.garcia876@example.com,2025-11-24T15:55:16.498952+00:00,IN,free
user_0010,yuki.hernandez380@example.com,2025-07-22T12:55:16.498952+00:00,CA,standard
user_0011,ava.o'brien651@example.com,2026-01-26T01:55:16.498952+00:00,FR,free
user_0012,hans.moore948@example.com,2024-10-02T20:55:16.498952+00:00,UK,standard
user_0013,noah.anderson842@example.com,2026-06-18T08:55:16.498952+00:00,IN,free
user_0014,jack.lee218@example.com,2024-09-17T03:55:16.498952+00:00,IN,premium
user_0015,amara.martinez272@example.com,2026-02-28T11:55:16.498952+00:00,JP,standard
user_0016,chloe.muller920@example.com,2024-11-30T06:55:16.498952+00:00,DE,enterprise
user_0017,isabella.tanaka506@example.com,2026-04-18T17:55:16.498952+00:00,MX,free
user_0018,mia.muller611@example.com,2026-05-16T06:55:16.498952+00:00,IN,enterprise
user_0019,fatima.taylor995@example.com,2024-12-31T18:55:16.498952+00:00,CA,free
user_0020,diego.moore788@example.com,2024-10-02T08:55:16.498952+00:00,US,free
user_0021,amara.smith977@example.com,2025-10-24T02:55:16.498952+00:00,JP,standard
user_0022,sophia.martin862@example.com,2024-10-04T02:55:16.498952+00:00,BR,free
user_0023,mia.dubois977@example.com,2025-01-23T18:55:16.498952+00:00,BR,free
user_0024,mason.nguyen900@example.com,2025-09-09T11:55:16.498952+00:00,US,premium
user_0025,ethan.garcia750@example.com,2025-03-10T16:55:16.498952+00:00,ZA,standard
user_0026,isabella.rodriguez676@example.com,2025-03-21T01:55:16.498952+00:00,US,standard
user_0027,zoe.muller988@example.com,2025-12-16T01:55:16.498952+00:00,JP,standard
user_0028,luna.kumar688@example.com,2024-09-23T07:55:16.498952+00:00,IN,standard
user_0029,mason.thomas231@example.com,2026-05-16T08:55:16.498952+00:00,US,standard
user_0030,chloe.anderson8@example.com,2026-05-08T20:55:16.498952+00:00,BR,free
user_0031,olivia.patel73@example.com,2025-02-09T11:55:16.498952+00:00,US,free
user_0032,diego.rodriguez741@example.com,2024-12-13T00:55:16.498952+00:00,IN,premium
user_0033,carlos.gonzalez97@example.com,2026-04-11T21:55:16.498952+00:00,IN,free
user_0034,amara.brown690@example.com,2024-09-18T22:55:16.498952+00:00,US,free
user_0035,priya.miller255@example.com,2026-01-05T12:55:16.498952+00:00,UK,free
user_0036,lucas.moore474@example.com,2025-11-07T16:55:16.498952+00:00,IN,premium
user_0037,ana.miller52@example.com,2024-09-21T01:55:16.498952+00:00,MX,enterprise
user_0038,aria.hernandez417@example.com,2025-03-10T03:55:16.498952+00:00,US,free
user_0039,noah.hernandez389@example.com,2026-07-18T06:55:16.498952+00:00,US,premium
user_0040,amara.jackson434@example.com,2024-08-05T19:55:16.498952+00:00,IT,standard
user_0041,lin.martinez195@example.com,2025-09-20T12:55:16.498952+00:00,ZA,standard
user_0042,diego.brown766@example.com,2025-09-02T17:55:16.498952+00:00,US,free
user_0043,fatima.hernandez59@example.com,2025-02-15T16:55:16.498952+00:00,MX,free
user_0044,ava.thomas414@example.com,2026-03-20T00:55:16.498952+00:00,US,standard
user_0045,ben.garcia430@example.com,2024-09-15T00:55:16.498952+00:00,UK,free
user_0046,aiden.wilson686@example.com,2025-09-02T11:55:16.498952+00:00,US,free
user_0047,luna.santos324@example.com,2026-05-07T18:55:16.498952+00:00,IN,enterprise
user_0048,sophia.jones551@example.com,2025-12-14T02:55:16.498952+00:00,US,premium
user_0049,ava.thomas379@example.com,2025-10-02T13:55:16.498952+00:00,IN,standard
user_0050,luna.kowalski827@example.com,2024-09-19T02:55:16.498952+00:00,US,premium
user_0051,luna.miller962@example.com,2026-03-05T10:55:16.498952+00:00,US,free
user_0052,ana.martinez279@example.com,2025-10-04T23:55:16.498952+00:00,US,free
user_0053,aiden.tanaka501@example.com,2025-11-05T17:55:16.498952+00:00,US,free
user_0054,camila.williams4@example.com,2025-08-13T14:55:16.498952+00:00,BR,free
user_0055,chidi.leroy723@example.com,2025-05-09T01:55:16.498952+00:00,US,free
user_0056,logan.dubois37@example.com,2025-07-07T00:55:16.498952+00:00,UK,free
user_0057,olivia.martin374@example.com,2026-06-10T07:55:16.498952+00:00,US,free
user_0058,sophia.kim799@example.com,2024-12-24T05:55:16.498952+00:00,ZA,standard
user_0059,aria.hernandez820@example.com,2026-01-20T05:55:16.498952+00:00,US,standard
user_0060,priya.schmidt822@example.com,2024-09-02T19:55:16.498952+00:00,AU,free
user_0061,sophia.singh894@example.com,2026-06-11T03:55:16.498952+00:00,US,premium
user_0062,amara.kim313@example.com,2025-11-29T11:55:16.498952+00:00,US,free
user_0063,priya.moore886@example.com,2026-05-10T10:55:16.498952+00:00,DE,standard
user_0064,diego.patel962@example.com,2026-06-22T15:55:16.498952+00:00,NG,free
user_0065,chloe.taylor40@example.com,2026-03-30T23:55:16.498952+00:00,IN,standard
user_0066,ravi.muller621@example.com,2025-02-12T15:55:16.498952+00:00,IN,standard
user_0067,aiden.williams726@example.com,2025-04-30T18:55:16.498952+00:00,UK,premium
user_0068,amelia.nguyen442@example.com,2026-05-09T21:55:16.498952+00:00,NL,standard
user_0069,mason.martin520@example.com,2025-09-06T21:55:16.498952+00:00,IN,free
user_0070,james.leroy131@example.com,2026-01-05T05:55:16.498952+00:00,CA,free
user_0071,lucas.kowalski583@example.com,2025-09-15T06:55:16.498952+00:00,UK,free
user_0072,james.wilson441@example.com,2024-12-03T23:55:16.498952+00:00,CA,free
user_0073,chidi.wilson524@example.com,2025-03-22T19:55:16.498952+00:00,US,free
user_0074,omar.kowalski344@example.com,2026-04-16T11:55:16.498952+00:00,CA,free
user_0075,amelia.martinez26@example.com,2026-06-03T11:55:16.498952+00:00,IT,standard
user_0076,ava.santos425@example.com,2024-10-14T00:55:16.498952+00:00,US,standard
user_0077,lin.kumar250@example.com,2026-02-18T22:55:16.498952+00:00,CA,premium
user_0078,sophia.muller225@example.com,2026-01-20T20:55:16.498952+00:00,UK,free
user_0079,aria.davis468@example.com,2026-03-06T04:55:16.498952+00:00,CA,enterprise
user_0080,zoe.lee973@example.com,2025-04-22T23:55:16.498952+00:00,AU,premium
user_0081,sofia.leroy457@example.com,2026-02-07T19:55:16.498952+00:00,MX,free
user_0082,aria.moore785@example.com,2025-02-02T03:55:16.498952+00:00,BR,free
user_0083,ava.jackson241@example.com,2025-10-15T08:55:16.498952+00:00,DE,standard
user_0084,isabella.martinez237@example.com,2025-06-22T20:55:16.498952+00:00,US,free
user_0085,carlos.schmidt339@example.com,2025-01-11T04:55:16.498952+00:00,IN,free
user_0086,carlos.singh927@example.com,2024-11-28T20:55:16.498952+00:00,US,premium
user_0087,jack.singh489@example.com,2026-07-14T07:55:16.498952+00:00,DE,free
user_0088,carlos.dubois766@example.com,2025-01-06T23:55:16.498952+00:00,NG,free
user_0089,camila.muller498@example.com,2026-06-21T06:55:16.498952+00:00,DE,standard
user_0090,greta.hernandez861@example.com,2025-03-29T14:55:16.498952+00:00,IT,standard
user_0091,greta.esposito578@example.com,2024-09-10T18:55:16.498952+00:00,US,free
user_0092,amara.lopez52@example.com,2025-10-27T06:55:16.498952+00:00,DE,free
user_0093,priya.singh285@example.com,2025-05-15T10:55:16.498952+00:00,MX,free
user_0094,diego.brown975@example.com,2025-07-27T11:55:16.498952+00:00,CA,premium
user_0095,olivia.johnson973@example.com,2025-11-09T12:55:16.498952+00:00,MX,standard
user_0096,aria.rodriguez485@example.com,2024-09-03T15:55:16.498952+00:00,UK,free
user_0097,aiden.nguyen172@example.com,2024-11-06T23:55:16.498952+00:00,ZA,standard
user_0098,mia.martin111@example.com,2024-12-05T18:55:16.498952+00:00,NL,standard
user_0099,hans.kumar965@example.com,2025-12-29T16:55:16.498952+00:00,BR,premium
user_0100,aria.miller714@example.com,2025-09-14T21:55:16.498952+00:00,BR,free
